<?xml version="1.0" encoding="UTF-8" standalone="yes"?>
<addon id="repository.stealth" name="Stealth Repo" version="1.0.0" provider-name="Stealth">
    <extension point="xbmc.addon.repository" name="Stealth Repo">
        <info compressed="false">https://raw.githubusercontent.com/nickyoung83/zips/master/addons.xml</info>
        <checksum>https://raw.githubusercontent.com/nickyoung83/zips/master/addons.xml.md5</checksum>
        <datadir zip="true">https://raw.githubusercontent.com/nickyoung83/zips/master/</datadir>
    </extension>
    <extension point="xbmc.addon.metadata">
        <summary>Stealth</summary>
        <description>Stealth Repository</description>
        <platform>all</platform>
    </extension>
</addon>
